strategy,attack_successes,attack_total,asr,intercept_rate,control_block_count,control_total,control_block_rate,avg_guard_latency_ms,avg_model_latency_ms
none,10,10,1.0,0.0,0,5,0.0,0.37537333330167005,0.42255555556241436
rolling_gate,2,10,0.2,0.8,0,5,0.0,0.44351111111306335,0.35077222219115356
context_quarantine,0,10,0.0,1.0,0,5,0.0,0.5499688889156258,0.43367333333258606
post_guard,0,10,0.0,1.0,0,5,0.0,0.8366733333079739,0.34710000000915087
layered,0,10,0.0,1.0,0,5,0.0,0.6486488888994144,0.23851388889145003
