strategy,attack_successes,attack_total,asr,intercept_rate,control_block_count,control_total,control_block_rate,avg_guard_latency_ms,avg_model_latency_ms
none,10,10,1.0,0.0,0,5,0.0,0.4504066697942714,0.43745333096012473
rolling_gate,2,10,0.2,0.8,0,5,0.0,0.43400888745155597,0.37751389027107507
context_quarantine,0,10,0.0,1.0,0,5,0.0,0.44123110904668766,0.3523444420554572
post_guard,0,10,0.0,1.0,0,5,0.0,0.9387800004333258,0.41357111573840183
layered,0,10,0.0,1.0,0,5,0.0,1.12223110627383,0.35705000563110745
